CreatedDate,Unnamed: 0,MeterSerialNo,ConsumerID,KVAH,KWH,RPhaseVoltage,YPhaseVoltage,BPhaseVoltage,RPhaseCurrent,YPhaseCurrent,BPhaseCurrent,ActivePower,ReactivePower,ApparentPower,TotalPowerFactor,Frequency,MaximumDemandKW,MaximumDemandKVA
2024-04-04 13:31:00,15938.0,286.0,379.0,1.988,1.969,241.0567705,212.9516527,227.5833096,3.198466353677621,5.421445086705202,1.961,1.872138437741686,636.1179810725553,1.978362897265336,0.955743626,49.70571337,0.04,0.04
2024-04-04 13:40:00,15937.0,286.0,379.0,1.988,1.969,241.5090992,231.819537,228.3173477,3.198466353677621,5.421445086705202,1.961,1.872138437741686,636.1179810725553,1.978362897265336,0.855034028,49.61460368,0.04,0.04
2024-04-04 13:50:00,15935.0,286.0,379.0,1.988,1.969,227.6725667,222.7875951,221.2163247,3.198466353677621,5.421445086705202,1.961,1.872138437741686,636.1179810725553,1.978362897265336,0.96060969,49.62421768,0.04,0.04
2024-04-04 13:55:00,15934.0,286.0,379.0,1.988,1.969,241.2137576,237.6338304,218.9329034,3.198466353677621,5.421445086705202,1.961,1.872138437741686,636.1179810725553,1.978362897265336,0.84110973,49.82753204,0.04,0.04
2024-04-04 14:00:00,15933.0,286.0,379.0,1.988,1.969,225.1714516,215.3529455,247.2802934,3.9055284552845526,5.8557500000000005,2.3568141592920355,2.2275353773584907,616.7072086720867,2.310194537972316,0.88309776,50.02380354,0.04,0.04
2024-04-04 14:10:00,15931.0,286.0,379.0,1.988,1.969,223.4498889,216.7541079,213.7283614,3.9055284552845526,5.8557500000000005,2.3568141592920355,2.2275353773584907,616.7072086720867,2.310194537972316,0.905091324,50.10621857,0.04,0.04
2024-04-04 14:16:00,15930.0,286.0,379.0,1.988,1.969,222.9991792,241.7430032,236.5747095,3.9055284552845526,5.8557500000000005,2.3568141592920355,2.2275353773584907,616.7072086720867,2.310194537972316,0.925670993,49.85846297,0.04,0.04
2024-04-04 18:55:00,15926.0,286.0,379.0,1.988,1.969,216.449017,246.8363193,224.6569311,3.879718309859155,5.460525059665871,2.432690763052209,2.261373225930188,590.1091095489162,2.6073647871116226,0.928828821,49.67343941,0.04,0.04
2024-04-04 21:58:00,15925.0,286.0,379.0,2.244,2.223,230.9956723,211.5658683,229.9871878,1.742167832167832,2.077282913165266,0.5653679653679654,0.7648041104688503,635.4931002331002,0.8074729126832377,0.939702379,49.70025002,0.04,0.04
2024-04-04 22:14:00,15923.0,286.0,379.0,2.268,2.247,234.2842734,245.943189,233.3378228,1.9901294964028775,2.6012912912912918,0.37,0.14,630.8669898430287,0.14,0.846165349,49.71235907,0.04,0.04
2024-04-05 08:42:00,15919.0,286.0,379.0,3.136,3.106,246.3895451,242.6848228,235.9460362,1.5610154905335627,1.7813942307692303,0.28,0.1,640.0597926895799,0.1,0.856853549,50.02122316,0.04,0.04
2024-04-05 08:50:00,15918.0,286.0,379.0,3.144,3.114,225.8912858,234.5979577,225.6869732,1.5610154905335627,1.7813942307692303,0.28,0.1,640.0597926895799,0.1,0.819286289,50.05301158,0.04,0.04
2024-04-05 09:07:00,15917.0,286.0,379.0,3.16,3.13,221.0236253,221.9987681,242.8091781,2.1081496062992127,3.311961722488038,0.23,0.08,642.8493827160494,0.08,0.83508215,49.97582056,0.04,0.04
2024-04-05 09:28:00,15915.0,286.0,379.0,3.163,3.133,211.6330705,224.600179,218.9076578,2.1081496062992127,3.311961722488038,0.9968231046931408,1.0417387127761768,642.8493827160494,1.0840651558073655,0.843600448,49.72022075,0.04,0.04
2024-04-05 09:47:00,15914.0,286.0,379.0,3.163,3.133,235.7914516,211.7891131,212.4980162,2.1081496062992127,3.311961722488038,0.9968231046931408,1.0417387127761768,642.8493827160494,1.0840651558073655,0.909221005,49.91155951,0.04,0.04
2024-04-05 10:09:00,15912.0,286.0,379.0,3.163,3.133,247.0814548,233.0362771,245.068339,3.3607536764705883,5.41801282051282,2.732533692722372,2.067622222222222,546.4781330749354,2.16814044213264,0.863846502,50.07103289,0.04,0.04
2024-04-05 13:51:00,15909.0,286.0,379.0,3.184,3.154,236.1825663,238.8681721,231.0149029,3.198466353677621,5.421445086705202,1.961,1.872138437741686,636.1179810725553,1.978362897265336,0.985617924,50.12630886,0.04,0.04
2024-04-05 14:03:00,15908.0,286.0,379.0,3.184,3.154,237.1875115,215.3814084,234.2714978,3.9055284552845526,5.8557500000000005,2.3568141592920355,2.2275353773584907,616.7072086720867,2.310194537972316,0.86405303,50.14965022,0.04,0.04
2024-04-05 15:04:00,15907.0,286.0,379.0,3.184,3.154,238.0139868,226.3784393,242.2297844,4.095779685264664,7.165165094339622,3.0986964980544744,2.7530601092896174,540.2500998003992,2.9149214659685865,0.923721795,50.06821107,0.04,0.04
2024-04-05 15:11:00,15906.0,286.0,379.0,3.184,3.154,215.8486869,236.8969358,220.5759727,4.095779685264664,7.165165094339622,3.0986964980544744,2.7530601092896174,540.2500998003992,2.9149214659685865,0.932245439,49.66343911,0.04,0.04
2024-04-05 15:17:00,15905.0,286.0,379.0,3.184,3.154,245.6684029,242.6909297,231.5006228,4.095779685264664,7.165165094339622,3.0986964980544744,2.7530601092896174,540.2500998003992,2.9149214659685865,0.896645681,50.11021697,0.04,0.04
2024-04-05 16:51:00,15904.0,286.0,379.0,3.184,3.154,233.4359138,212.462755,235.5349675,3.5612198581560284,5.548594847775176,2.7150638297872343,2.169644115574348,588.8344955489615,2.3669581618655693,0.803665781,49.85710023,0.04,0.04
2024-04-05 17:26:00,15902.0,286.0,379.0,3.184,3.154,223.5507805,237.6378723,239.9532737,3.854869565217392,5.385190156599553,2.220293542074364,2.150637052341598,610.2643217347453,2.3460188933873147,0.957038241,49.67164691,0.04,0.04
2024-04-05 17:42:00,15901.0,286.0,379.0,3.184,3.154,226.8916781,245.0147466,228.4304506,3.854869565217392,5.385190156599553,2.220293542074364,2.150637052341598,610.2643217347453,2.3460188933873147,0.903917575,49.54796278,0.04,0.04
2024-04-06 10:53:00,15898.0,286.0,379.0,4.583,4.539,235.4356239,247.2430827,225.4822277,0.15,5.41801282051282,0.27,0.16,546.4781330749354,0.16,0.877513539,50.04203273,0.04,0.04
2024-04-07 04:04:00,15893.0,286.0,379.0,8.279,8.182,234.6097279,243.6096039,223.4831152,5.04,3.549312169312169,0.29,2.64,1310.54,2.64,0.891366953,49.78488005,0.28,0.3
2024-04-07 04:23:00,15892.0,286.0,379.0,8.509,8.407,232.3545348,228.1834709,224.7414345,5.18,3.549312169312169,0.33,2.74,1310.6,2.74,0.838074285,49.78004256,0.28,0.3
2024-04-07 11:41:00,15891.0,286.0,379.0,9.174,9.066,225.3883798,220.8319101,233.7542752,3.7619400352733687,5.486962365591397,0.27,0.12,480.591930477964,0.12,0.863522555,50.11086132,0.28,0.3
2024-04-07 21:10:00,15884.0,286.0,379.0,11.153,11.022,235.2085727,239.694829,214.734388,0.82,2.077282913165266,0.64,0.68,1310.52,0.72,0.811050237,50.10616303,0.28,0.3
2024-04-07 21:25:00,15883.0,286.0,379.0,11.329,11.196,234.1809444,217.6415461,210.5418431,1.742167832167832,2.077282913165266,0.08,0.04,635.4931002331002,0.04,0.918949092,49.80847747,0.28,0.3
2024-04-07 21:33:00,15882.0,286.0,379.0,11.331,11.198,231.8433132,223.2734321,248.5641317,1.742167832167832,2.077282913165266,0.06,0.02,635.4931002331002,0.02,0.929132096,49.96734276,0.28,0.3
2024-04-07 21:41:00,15881.0,286.0,379.0,11.334,11.2,239.9853078,217.8993556,211.3544302,1.742167832167832,2.077282913165266,0.06,0.02,635.4931002331002,0.02,0.959921851,50.08092386,0.28,0.3
2024-04-08 10:58:00,15879.0,286.0,379.0,16.049,15.835,224.972853,241.4554158,238.8640853,3.3607536764705883,5.41801282051282,2.732533692722372,2.067622222222222,546.4781330749354,2.16814044213264,0.88335147,49.78975624,0.28,0.3
2024-04-08 11:19:00,15878.0,286.0,379.0,16.049,15.835,249.7566869,239.4566563,248.455153,3.7619400352733687,5.486962365591397,2.948095238095238,2.3910729991204924,480.591930477964,2.556335034013605,0.978691219,49.86456841,0.28,0.3
2024-04-08 11:40:00,15877.0,286.0,379.0,16.049,15.835,219.2225447,212.1362128,220.182085,3.7619400352733687,5.486962365591397,2.948095238095238,2.3910729991204924,480.591930477964,2.556335034013605,0.812808275,50.08462383,0.28,0.3
2024-04-08 12:01:00,15875.0,286.0,379.0,16.049,15.835,235.6704758,221.7696489,243.4741278,3.42424778761062,5.620333333333333,2.7722678185745138,2.198971193415638,531.9584776902888,2.307078853046595,0.974894067,50.19018161,0.28,0.3
2024-04-08 15:58:00,15871.0,286.0,379.0,16.049,15.835,217.2688847,229.1629649,220.2547476,4.095779685264664,7.165165094339622,3.0986964980544744,2.7530601092896174,540.2500998003992,2.9149214659685865,0.875480825,49.65817928,0.28,0.3
2024-04-08 16:29:00,15870.0,286.0,379.0,16.049,15.835,226.4071651,239.5285147,229.0731687,3.5612198581560284,5.548594847775176,2.7150638297872343,2.169644115574348,588.8344955489615,2.3669581618655693,0.983344814,49.71670016,0.28,0.3
2024-04-08 17:44:00,15867.0,286.0,379.0,16.049,15.835,246.9119196,249.1252671,245.1817504,3.854869565217392,5.385190156599553,2.220293542074364,2.150637052341598,610.2643217347453,2.3460188933873147,0.832574001,50.12218237,0.28,0.3
2024-04-08 18:41:00,15864.0,286.0,379.0,16.049,15.835,241.1655595,222.5964531,213.6426916,3.879718309859155,5.460525059665871,2.432690763052209,2.261373225930188,590.1091095489162,2.6073647871116226,0.936370339,50.06573014,0.28,0.3
2024-04-09 07:12:00,15859.0,286.0,379.0,20.177,19.883,219.6107895,222.3367632,234.9927724,0.81,1.3970072992700728,0.29,0.5,1310.52,0.56,0.978899738,49.84274667,0.36,0.36
2024-04-09 07:38:00,15857.0,286.0,379.0,20.455,20.153,218.8634288,214.368469,224.0318556,5.18,1.3970072992700728,0.29,2.7,1310.4,2.72,0.91086304,50.04611979,0.36,0.36
2024-04-09 07:57:00,15855.0,286.0,379.0,20.679,20.37,249.7101601,237.6457891,237.5396356,5.23,1.3970072992700728,0.29,2.66,1310.3,2.7,0.836845937,49.83890571,0.36,0.36
2024-04-09 08:06:00,15854.0,286.0,379.0,20.781,20.469,212.6984361,245.7151843,249.4456982,0.81,1.7813942307692303,0.29,0.5,1310.52,0.54,0.996056861,49.61590454,0.36,0.36
2024-04-09 08:22:00,15853.0,286.0,379.0,20.991,20.674,245.1204843,227.7126593,234.3119313,5.28,1.7813942307692303,0.29,2.66,1310.3,2.7,0.804670234,50.12758676,0.36,0.36
2024-04-09 10:02:00,15852.0,286.0,379.0,21.17,20.852,219.7786825,219.0250442,218.381761,3.3607536764705883,5.41801282051282,2.732533692722372,2.067622222222222,546.4781330749354,2.16814044213264,0.954878481,49.80780779,0.36,0.36
2024-04-09 10:07:00,15851.0,286.0,379.0,21.17,20.852,216.2659712,243.6592575,244.6934436,3.3607536764705883,5.41801282051282,2.732533692722372,2.067622222222222,546.4781330749354,2.16814044213264,0.993488746,50.17710084,0.36,0.36
2024-04-09 11:01:00,15848.0,286.0,379.0,21.17,20.852,228.7617756,242.8393094,248.0353273,3.7619400352733687,5.486962365591397,2.948095238095238,2.3910729991204924,480.591930477964,2.556335034013605,0.956226501,49.81185299,0.36,0.36
2024-04-09 11:06:00,15847.0,286.0,379.0,21.17,20.852,230.4918995,218.9785918,217.7062023,3.7619400352733687,5.486962365591397,2.948095238095238,2.3910729991204924,480.591930477964,2.556335034013605,0.846457678,49.74701201,0.36,0.36
2024-04-09 13:38:00,15846.0,286.0,379.0,21.459,21.14,221.2892406,236.9602411,245.7802072,3.198466353677621,5.421445086705202,0.27,0.12,636.1179810725553,0.12,0.943961204,49.65698785,0.36,0.36
2024-04-09 15:32:00,15845.0,286.0,379.0,21.598,21.277,239.9908926,213.2084581,217.5063574,4.095779685264664,7.165165094339622,0.28,0.12,540.2500998003992,0.12,0.84821283,49.52360352,0.36,0.36
2024-04-09 16:02:00,15843.0,286.0,379.0,21.633,21.311,249.4428072,237.3485536,231.0009043,3.5612198581560284,5.548594847775176,0.27,0.12,588.8344955489615,0.12,0.883940819,49.58075705,0.36,0.36
2024-04-09 20:42:00,15842.0,286.0,379.0,22.651,22.305,220.7367578,222.2269523,235.1132141,2.1101455604075694,2.9917445482866047,0.42,0.2,1310.68,0.2,0.802293026,50.10307276,0.36,0.36
2024-04-09 21:22:00,15838.0,286.0,379.0,22.721,22.373,217.9692787,237.7225049,211.9000884,1.742167832167832,2.077282913165266,0.42,0.2,1310.68,0.2,0.982718609,49.54124177,0.36,0.36
2024-04-09 21:34:00,15837.0,286.0,379.0,22.742,22.394,214.7661117,241.6398695,216.5578858,1.742167832167832,2.077282913165266,0.42,0.2,1310.68,0.2,0.975002043,49.87510276,0.36,0.36
2024-04-09 21:57:00,15835.0,286.0,379.0,22.783,22.434,238.7399242,218.8295289,249.9943719,1.742167832167832,2.077282913165266,0.42,0.2,1310.68,0.2,0.909463611,49.73692169,0.36,0.36
2024-04-09 22:48:00,15834.0,286.0,379.0,22.865,22.514,249.5354951,224.239379,218.7052082,0.09,2.6012912912912918,0.45,0.24,1310.68,0.24,0.869923903,50.09596441,0.36,0.36
2024-04-09 23:03:00,15831.0,286.0,379.0,22.896,22.545,243.8808106,218.4230847,227.1848225,0.08,3.357956204379562,0.44,0.22,1310.68,0.22,0.814589963,50.1133435,0.36,0.36
2024-04-09 23:13:00,15829.0,286.0,379.0,22.941,22.588,212.93603,241.8355912,211.1683699,4.97,3.357956204379562,0.28,2.5,1310.26,2.54,0.94304498,49.5960889,0.36,0.36
2024-04-09 23:18:00,15828.0,286.0,379.0,23.053,22.698,217.8731224,240.1126131,247.0088606,5.41,3.357956204379562,0.29,2.7,1310.26,2.74,0.878810243,49.90790125,0.36,0.36
2024-04-09 23:29:00,15826.0,286.0,379.0,23.236,22.877,215.7796143,246.5737289,216.5243063,5.39,3.357956204379562,0.37,2.74,1310.24,2.78,0.999298378,49.79976325,0.36,0.36
2024-04-09 23:39:00,15824.0,286.0,379.0,23.42,23.058,246.7280813,233.7546685,236.4561601,5.43,3.357956204379562,0.4,2.78,1310.24,2.82,0.972475691,49.63457863,0.36,0.36
2024-04-09 23:50:00,15823.0,286.0,379.0,23.577,23.211,231.5961594,218.6722076,211.805098,0.81,3.357956204379562,0.43,0.56,1310.54,0.6,0.86135737,49.69555897,0.36,0.36
2024-04-10 11:12:00,15819.0,286.0,379.0,24.637,24.259,241.3255883,218.6355512,212.2409867,3.7619400352733687,5.486962365591397,0.26,0.12,480.591930477964,0.12,0.944716286,50.02945918,0.36,0.36
2024-04-10 11:25:00,15817.0,286.0,379.0,24.651,24.272,239.5331587,214.4938235,240.3191526,3.7619400352733687,5.486962365591397,0.26,0.12,480.591930477964,0.12,0.984088342,49.63870641,0.36,0.36
2024-04-10 12:31:00,15815.0,286.0,379.0,25.113,24.727,233.4932559,233.6407534,232.8628669,5.81,5.620333333333333,0.26,2.88,1310.2,2.92,0.869135926,50.08568515,0.36,0.36
2024-04-10 14:50:00,15813.0,286.0,379.0,26.831,26.421,237.0058936,228.0067869,230.6545224,3.9055284552845526,5.8557500000000005,0.26,0.12,616.7072086720867,0.12,0.835890826,49.84314973,0.44,0.44
2024-04-10 14:58:00,15812.0,286.0,379.0,26.839,26.429,219.5898377,247.3926245,215.1148412,3.9055284552845526,5.8557500000000005,0.26,0.12,616.7072086720867,0.12,0.910876545,50.01154491,0.44,0.44
2024-04-10 16:56:00,15808.0,286.0,379.0,27.992,27.566,229.6254004,248.0024627,211.6451793,6.12,5.548594847775176,0.31,3.04,1310.2,3.08,0.891060422,49.81370448,0.44,0.44
2024-04-10 17:11:00,15806.0,286.0,379.0,28.36,27.928,210.7469576,241.6969442,232.7060639,6.12,5.385190156599553,0.3,3.04,1310.2,3.08,0.923600682,49.81321048,0.46,0.46
2024-04-10 17:32:00,15804.0,286.0,379.0,28.704,28.267,236.5382404,213.3259333,232.2083513,3.854869565217392,5.385190156599553,0.28,0.14,610.2643217347453,0.14,0.882692301,49.92226104,0.46,0.46
2024-04-10 19:19:00,15802.0,286.0,379.0,29.734,29.278,242.7315674,246.4484099,223.2448985,5.85,4.6230385487528345,0.35,2.86,1310.2,2.9,0.938867265,49.58561979,0.46,0.46
2024-04-10 19:35:00,15801.0,286.0,379.0,30.041,29.579,243.8398769,247.3367329,226.5809449,5.79,4.6230385487528345,0.31,2.8,1310.18,2.86,0.944026377,49.68794279,0.46,0.46
2024-04-10 19:53:00,15799.0,286.0,379.0,30.181,29.715,230.3371768,240.125579,221.8171425,3.021951219512195,4.6230385487528345,0.22,0.06,589.6875418460068,0.08,0.956630882,49.68669579,0.46,0.46
2024-04-11 21:00:00,15795.0,286.0,379.0,34.242,33.726,218.9107478,243.2105933,215.0305236,1.742167832167832,2.077282913165266,0.5653679653679654,0.7648041104688503,635.4931002331002,0.8074729126832377,0.872149721,49.74986289,0.46,0.46
2024-04-11 21:16:00,15793.0,286.0,379.0,34.378,33.859,229.8348736,245.681905,230.5692783,5.49,2.077282913165266,0.28,2.74,1310.26,2.78,0.889431267,49.78109047,0.46,0.46
2024-04-11 21:21:00,15792.0,286.0,379.0,34.498,33.977,218.1065325,240.9507957,234.7908454,5.63,2.077282913165266,0.28,2.82,1310.24,2.86,0.906115811,49.94832074,0.46,0.46
2024-04-11 21:48:00,15789.0,286.0,379.0,35.007,34.477,214.0818255,228.6702134,210.3332429,1.742167832167832,2.077282913165266,0.35,0.16,635.4931002331002,0.16,0.89729921,49.92229913,0.46,0.46
2024-04-11 22:07:00,15788.0,286.0,379.0,35.035,34.504,244.8439554,220.8887751,226.3545524,1.9901294964028775,2.6012912912912918,0.39,0.18,630.8669898430287,0.18,0.870893686,49.65898006,0.46,0.46
2024-04-12 02:30:00,15784.0,286.0,379.0,36.917,36.354,232.8856729,234.6194583,244.3955955,5.29,3.686082474226805,0.29,2.74,1310.36,2.76,0.90283073,49.78263323,0.46,0.46
2024-04-12 02:41:00,15783.0,286.0,379.0,37.085,36.519,230.6035721,213.726309,227.9123829,0.81,3.686082474226805,0.3,0.5,1310.52,0.56,0.958900252,49.91976193,0.46,0.46
2024-04-12 03:12:00,15780.0,286.0,379.0,37.55,36.973,235.4210613,210.9400658,237.9066672,0.81,3.694702702702703,0.3,0.5,1310.52,0.56,0.970657689,49.84522456,0.46,0.46
2024-04-12 03:45:00,15777.0,286.0,379.0,38.013,37.425,242.4675388,214.8923265,237.0151436,5.24,3.694702702702703,0.3,2.7,1310.3,2.72,0.912459885,49.60116238,0.46,0.46
2024-04-12 07:35:00,15772.0,286.0,379.0,39.676,39.051,213.8590372,213.9374516,249.8350506,5.37,1.3970072992700728,0.29,2.7,1310.24,2.74,0.890065801,49.95640761,0.46,0.46
2024-04-12 07:45:00,15771.0,286.0,379.0,39.817,39.188,240.3001162,244.0323631,218.8432109,0.81,1.3970072992700728,0.29,0.5,1310.54,0.54,0.865020914,49.85166958,0.46,0.46
2024-04-12 08:00:00,15769.0,286.0,379.0,40.041,39.406,232.4272869,221.9259014,246.9014863,5.43,1.7813942307692303,0.3,2.66,1310.16,2.72,0.920745724,49.57989729,0.46,0.46
2024-04-12 08:10:00,15767.0,286.0,379.0,40.164,39.524,233.4351864,232.2119671,226.5080961,5.39,1.7813942307692303,0.29,2.64,1310.16,2.7,0.898908829,49.87340632,0.46,0.46
2024-04-12 08:25:00,15765.0,286.0,379.0,40.349,39.703,241.4879419,218.5627979,228.6429597,0.81,1.7813942307692303,0.29,0.5,1310.54,0.54,0.88965035,49.72046257,0.46,0.46
2024-04-12 08:36:00,15763.0,286.0,379.0,40.494,39.844,217.4566458,236.5638162,237.100534,0.81,1.7813942307692303,0.29,0.5,1310.54,0.54,0.846842553,50.08231715,0.46,0.46
2024-04-12 11:07:00,15762.0,286.0,379.0,40.803,40.151,247.8386987,248.9924293,227.0587729,3.7619400352733687,5.486962365591397,2.948095238095238,2.3910729991204924,480.591930477964,2.556335034013605,0.984272393,49.64471165,0.46,0.46
2024-04-12 11:28:00,15760.0,286.0,379.0,40.803,40.151,219.4344315,236.5045716,236.5957003,3.7619400352733687,5.486962365591397,2.948095238095238,2.3910729991204924,480.591930477964,2.556335034013605,0.968816833,49.52112132,0.46,0.46
2024-04-12 12:12:00,15756.0,286.0,379.0,40.815,40.162,225.7201461,242.0504828,210.4894582,3.42424778761062,5.620333333333333,0.4,0.18,531.9584776902888,0.18,0.972649319,49.7807553,0.46,0.46
2024-04-12 12:29:00,15755.0,286.0,379.0,40.841,40.188,236.3029704,214.9674895,249.5163057,3.42424778761062,5.620333333333333,0.39,0.18,531.9584776902888,0.18,0.84879155,49.61280215,0.46,0.46
2024-04-12 12:38:00,15754.0,286.0,379.0,40.857,40.204,241.934384,233.9346594,245.2062768,3.42424778761062,5.620333333333333,0.45,0.2,531.9584776902888,0.2,0.848079599,49.93131725,0.46,0.46
2024-04-12 12:54:00,15753.0,286.0,379.0,40.876,40.223,242.2918597,212.4767655,228.0261482,3.42424778761062,5.620333333333333,0.09,0.04,531.9584776902888,0.04,0.839833957,49.8610009,0.46,0.46
2024-04-12 13:15:00,15752.0,286.0,379.0,40.884,40.231,240.4978434,242.7529266,249.7780335,3.198466353677621,5.421445086705202,0.09,0.04,636.1179810725553,0.04,0.993018498,49.55655679,0.46,0.46
2024-04-12 13:31:00,15751.0,286.0,379.0,40.889,40.236,212.5958085,218.6152069,214.8477205,3.198466353677621,5.421445086705202,0.08,0.04,636.1179810725553,0.04,0.983043949,49.67319537,0.46,0.46
2024-04-12 14:32:00,15749.0,286.0,379.0,40.912,40.259,212.3397811,233.5599113,220.8622707,3.9055284552845526,5.8557500000000005,0.09,0.04,616.7072086720867,0.04,0.890077991,49.93223673,0.46,0.46
2024-04-12 14:52:00,15748.0,286.0,379.0,40.919,40.266,214.068239,242.1696015,244.2811689,3.9055284552845526,5.8557500000000005,0.09,0.04,616.7072086720867,0.04,0.938036315,50.1591261,0.46,0.46
2024-04-12 18:10:00,15745.0,286.0,379.0,40.991,40.338,238.3786104,232.3209541,228.9332568,3.879718309859155,5.460525059665871,0.09,0.04,590.1091095489162,0.04,0.945422597,50.1423644,0.46,0.46
2024-04-12 23:34:00,15736.0,286.0,379.0,41.386,40.73,224.0422557,246.4807291,240.6293004,1.929157608695652,3.357956204379562,0.32,0.14,618.1746544715447,0.14,0.985839409,49.96820905,0.46,0.46
2024-05-04 18:01:00,15732.0,286.0,379.0,109.2,107.38,230.8597797,220.8606371,231.0386973,6.23,5.460525059665871,0.28,3.12,1310.26,3.16,0.926355945,49.8412536,0.42,0.44
2024-05-05 02:03:00,15730.0,286.0,379.0,110.933,109.08,244.1405364,224.0451796,243.2427118,1.8092666666666668,3.686082474226805,0.26,0.12,1310.68,0.12,0.972672062,49.9171637,0.42,0.44
2024-05-05 03:50:00,15728.0,286.0,379.0,111.051,109.191,226.1426051,214.7485052,232.2533484,1.8181534772182253,3.694702702702703,0.26,0.12,1310.68,0.12,0.943316543,49.79474558,0.42,0.44
2024-05-05 03:59:00,15727.0,286.0,379.0,111.061,109.201,228.4336108,240.6285661,213.954969,1.8181534772182253,3.694702702702703,0.26,0.12,1310.68,0.12,0.937103663,49.65137372,0.42,0.44
2024-05-05 05:12:00,15722.0,286.0,379.0,111.141,109.277,217.7148704,213.7243204,240.0460298,1.4964948453608249,3.264236111111112,0.26,0.12,1310.68,0.12,0.968590287,49.9540612,0.42,0.44
2024-05-05 05:37:00,15720.0,286.0,379.0,111.169,109.304,226.7884448,233.6481501,227.0810955,1.4964948453608249,3.264236111111112,0.26,0.12,1310.68,0.12,0.832414984,49.60972864,0.42,0.44
2024-05-05 08:33:00,15717.0,286.0,379.0,111.363,109.488,216.9235276,238.8816039,230.6953538,1.5610154905335627,1.7813942307692303,0.26,0.12,1310.68,0.12,0.880636914,49.62415876,0.42,0.44
2024-05-05 08:47:00,15715.0,286.0,379.0,111.379,109.503,226.1577476,238.7095267,210.906393,1.5610154905335627,1.7813942307692303,0.26,0.12,1310.68,0.12,0.836183816,50.11097668,0.42,0.44
2024-05-05 09:03:00,15712.0,286.0,379.0,111.396,109.519,225.2809689,225.0718035,228.5044039,2.1081496062992127,3.311961722488038,0.26,0.12,1310.68,0.12,0.998090035,50.06708425,0.42,0.44
2024-05-05 09:08:00,15711.0,286.0,379.0,111.402,109.525,212.2254871,221.0898599,240.6101614,2.1081496062992127,3.311961722488038,0.26,0.12,1310.68,0.12,0.80805098,49.92813486,0.42,0.44
2024-05-05 09:18:00,15709.0,286.0,379.0,111.413,109.535,228.0146417,233.3499005,215.9160844,2.1081496062992127,3.311961722488038,0.26,0.12,1310.68,0.12,0.865563189,50.03076634,0.42,0.44
2024-05-05 09:23:00,15708.0,286.0,379.0,111.419,109.541,217.0928454,218.0654765,212.1199453,2.1081496062992127,3.311961722488038,0.26,0.12,1310.68,0.12,0.946374572,49.841608,0.42,0.44
2024-05-05 09:33:00,15706.0,286.0,379.0,111.43,109.551,226.4761472,236.7306686,240.6747844,2.1081496062992127,3.311961722488038,0.26,0.12,1310.68,0.12,0.829891118,50.19861717,0.42,0.44
2024-05-05 09:39:00,15705.0,286.0,379.0,111.436,109.557,243.3095307,220.7116042,244.4505623,2.1081496062992127,3.311961722488038,0.26,0.12,1310.68,0.12,0.943251073,50.06559714,0.42,0.44
2024-05-05 10:04:00,15703.0,286.0,379.0,111.463,109.583,218.3503752,244.4236454,245.8909922,3.3607536764705883,5.41801282051282,0.26,0.12,1310.68,0.12,0.816560029,49.86866522,0.42,0.44
2024-05-05 16:30:00,15702.0,286.0,379.0,112.383,110.461,215.8870064,248.4268068,211.4365088,6.37,5.548594847775176,0.34,3.26,1310.32,3.3,0.987805344,49.55878635,0.42,0.44
2024-05-06 02:06:00,15699.0,286.0,379.0,113.985,111.989,221.3917835,210.1230904,249.3306147,5.74,3.686082474226805,0.25,2.78,1310.16,2.84,0.855308335,49.78321565,0.42,0.44
2024-05-06 13:10:00,15697.0,286.0,379.0,116.155,114.066,226.8547294,247.4641793,222.461239,3.198466353677621,5.421445086705202,0.5,0.2,1310.68,0.22,0.959475927,49.70722,0.42,0.44
2024-05-06 13:19:00,15696.0,286.0,379.0,116.172,114.081,210.9896166,212.5344245,212.5811087,3.198466353677621,5.421445086705202,0.45,0.18,1310.68,0.2,0.980987959,50.02458961,0.42,0.44
2024-05-06 15:27:00,15693.0,286.0,379.0,116.395,114.291,222.0851177,229.7456153,218.5694662,4.095779685264664,7.165165094339622,0.29,0.12,1310.68,0.14,0.88357689,49.73456151,0.42,0.44
2024-05-06 17:27:00,15686.0,286.0,379.0,116.539,114.42,225.4713257,227.5292292,228.6563298,3.854869565217392,5.385190156599553,0.29,0.12,1310.68,0.14,0.937558635,49.93369716,0.42,0.44
2024-05-06 18:11:00,15684.0,286.0,379.0,116.595,114.469,220.4959073,230.7487377,245.6063671,3.879718309859155,5.460525059665871,0.25,0.1,1310.68,0.12,0.987904444,49.93814751,0.42,0.44
2024-05-06 18:48:00,15681.0,286.0,379.0,116.649,114.518,247.7056204,220.7069559,242.6963156,3.879718309859155,5.460525059665871,0.44,0.2,1310.68,0.22,0.942126699,50.13197642,0.42,0.44
2024-05-06 22:06:00,15680.0,286.0,379.0,116.943,114.799,213.6373122,234.4171606,248.1677692,1.9901294964028775,2.6012912912912918,0.24,0.1,630.8669898430287,0.1,0.96488986,49.67984771,0.42,0.44
2024-05-06 22:15:00,15679.0,286.0,379.0,116.952,114.808,219.5629364,239.7377495,221.7967377,1.9901294964028775,2.6012912912912918,0.24,0.1,630.8669898430287,0.1,0.846186846,50.06021674,0.42,0.44
2024-05-06 22:32:00,15678.0,286.0,379.0,116.969,114.825,245.8732673,217.6368419,242.5256608,0.09,2.6012912912912918,0.24,0.12,630.8669898430287,0.12,0.859950597,49.92046078,0.42,0.44
2024-05-07 04:09:00,15676.0,286.0,379.0,117.883,115.726,240.407738,217.6736718,210.0814957,5.57,3.549312169312169,0.24,2.82,1310.36,2.84,0.968205026,49.52508439,0.42,0.44
2024-05-07 11:34:00,15675.0,286.0,379.0,118.648,116.481,226.5022607,224.2116446,238.9803417,3.7619400352733687,5.486962365591397,2.948095238095238,2.3910729991204924,480.591930477964,2.556335034013605,0.855218978,49.82893471,0.42,0.44
2024-05-07 14:37:00,15669.0,286.0,379.0,119.519,117.337,229.9531294,231.3602176,240.0741244,3.9055284552845526,5.8557500000000005,2.3568141592920355,2.2275353773584907,616.7072086720867,2.310194537972316,0.84329091,49.73251233,0.42,0.44
2024-05-07 15:13:00,15668.0,286.0,379.0,119.519,117.337,218.4271437,210.1865947,212.4278287,4.095779685264664,7.165165094339622,3.0986964980544744,2.7530601092896174,540.2500998003992,2.9149214659685865,0.918784799,50.07085415,0.42,0.44
2024-05-07 15:48:00,15665.0,286.0,379.0,119.519,117.337,248.7787694,237.9863475,227.0032276,4.095779685264664,7.165165094339622,3.0986964980544744,2.7530601092896174,540.2500998003992,2.9149214659685865,0.88781611,50.1451629,0.42,0.44
2024-05-07 16:45:00,15662.0,286.0,379.0,119.519,117.337,210.813651,238.1468235,247.3168212,3.5612198581560284,5.548594847775176,2.7150638297872343,2.169644115574348,588.8344955489615,2.3669581618655693,0.906387917,49.71701529,0.42,0.44
2024-05-07 17:11:00,15660.0,286.0,379.0,119.519,117.337,228.8762658,243.4246758,243.3830656,3.854869565217392,5.385190156599553,2.220293542074364,2.150637052341598,610.2643217347453,2.3460188933873147,0.881538068,49.71813288,0.42,0.44
2024-05-07 17:19:00,15659.0,286.0,379.0,119.519,117.337,230.5817287,215.6267939,227.2606577,3.854869565217392,5.385190156599553,2.220293542074364,2.150637052341598,610.2643217347453,2.3460188933873147,0.926197493,49.99150466,0.42,0.44
2024-05-07 17:24:00,15658.0,286.0,379.0,119.519,117.337,242.0493136,245.8996348,238.0668775,3.854869565217392,5.385190156599553,2.220293542074364,2.150637052341598,610.2643217347453,2.3460188933873147,0.952651818,49.72962764,0.42,0.44
2024-05-07 17:41:00,15656.0,286.0,379.0,119.519,117.337,238.0438976,242.9974131,232.9055637,3.854869565217392,5.385190156599553,2.220293542074364,2.150637052341598,610.2643217347453,2.3460188933873147,0.905518217,49.71568119,0.42,0.44
2024-05-07 18:31:00,15653.0,286.0,379.0,119.519,117.337,248.0956464,227.2632967,216.8334063,3.879718309859155,5.460525059665871,2.432690763052209,2.261373225930188,590.1091095489162,2.6073647871116226,0.850577014,49.73422984,0.42,0.44
2024-05-07 22:32:00,15651.0,286.0,379.0,121.0,118.789,223.9280884,238.0586846,222.6027963,6.19,2.6012912912912918,0.38,2.94,1310.12,3.0,0.867832795,49.76510981,0.42,0.44
2024-05-07 23:12:00,15649.0,286.0,379.0,121.516,119.296,233.4117835,241.683381,234.4008542,1.929157608695652,3.357956204379562,0.32,0.14,618.1746544715447,0.14,0.986932228,49.93680243,0.42,0.44
2024-05-08 05:17:00,15642.0,286.0,379.0,123.671,121.405,245.212143,212.4265322,232.3868138,5.63,3.264236111111112,0.25,2.78,1310.24,2.82,0.949139915,49.88895872,0.42,0.44
2024-05-08 05:22:00,15641.0,286.0,379.0,123.791,121.523,238.6097675,238.1919792,241.6183246,5.68,3.264236111111112,0.25,2.76,1310.18,2.82,0.922869098,49.80953011,0.42,0.44
2024-05-08 05:27:00,15640.0,286.0,379.0,123.911,121.64,214.0142002,226.3176585,215.6103608,5.64,3.264236111111112,0.25,2.74,1310.2,2.8,0.883352917,49.87504825,0.42,0.44
2024-05-08 05:37:00,15639.0,286.0,379.0,124.152,121.877,243.3415154,240.7223459,229.9806584,5.61,3.264236111111112,0.25,2.78,1310.24,2.82,0.800246533,49.56334867,0.42,0.44
2024-05-08 09:17:00,15635.0,286.0,379.0,125.012,122.724,237.019667,214.281794,231.1987291,2.1081496062992127,3.311961722488038,0.35,0.16,642.8493827160494,0.16,0.972540383,49.91458106,0.42,0.44
2024-05-08 10:34:00,15634.0,286.0,379.0,125.116,122.828,235.0250422,226.808277,248.7034341,3.3607536764705883,5.41801282051282,2.732533692722372,2.067622222222222,546.4781330749354,2.16814044213264,0.979869293,49.71863745,0.42,0.44
2024-05-08 12:10:00,15630.0,286.0,379.0,125.116,122.828,211.5535638,237.1683833,212.2523644,3.42424778761062,5.620333333333333,2.7722678185745138,2.198971193415638,531.9584776902888,2.307078853046595,0.992040566,50.02192944,0.42,0.44
2024-05-08 12:40:00,15627.0,286.0,379.0,125.116,122.828,219.013855,233.4770262,248.8490474,3.42424778761062,5.620333333333333,2.7722678185745138,2.198971193415638,531.9584776902888,2.307078853046595,0.832923469,50.19885776,0.42,0.44
2024-05-08 12:56:00,15626.0,286.0,379.0,125.116,122.828,249.8437954,239.1167829,232.3117782,3.42424778761062,5.620333333333333,2.7722678185745138,2.198971193415638,531.9584776902888,2.307078853046595,0.824706522,49.85690237,0.42,0.44
2024-05-08 13:05:00,15625.0,286.0,379.0,125.116,122.828,232.8434757,237.9492154,210.5365992,3.198466353677621,5.421445086705202,1.961,1.872138437741686,636.1179810725553,1.978362897265336,0.936367591,49.53048004,0.42,0.44
2024-05-08 13:21:00,15624.0,286.0,379.0,125.116,122.828,228.1436057,242.1246568,215.4655523,3.198466353677621,5.421445086705202,1.961,1.872138437741686,636.1179810725553,1.978362897265336,0.952443143,49.72756986,0.42,0.44
2024-05-08 13:31:00,15623.0,286.0,379.0,125.116,122.828,240.8419618,223.8752965,226.0483908,3.198466353677621,5.421445086705202,1.961,1.872138437741686,636.1179810725553,1.978362897265336,0.924400991,49.56630712,0.42,0.44
2024-05-08 15:29:00,15616.0,286.0,379.0,125.116,122.828,248.2422737,243.1639279,222.6384783,4.095779685264664,7.165165094339622,3.0986964980544744,2.7530601092896174,540.2500998003992,2.9149214659685865,0.982197123,49.50902674,0.42,0.44
2024-05-08 15:45:00,15615.0,286.0,379.0,125.116,122.828,245.6351009,236.7315957,212.8243611,4.095779685264664,7.165165094339622,3.0986964980544744,2.7530601092896174,540.2500998003992,2.9149214659685865,0.905097593,49.50322741,0.42,0.44
2024-05-08 16:21:00,15613.0,286.0,379.0,125.116,122.828,242.0739516,216.4816254,241.7931221,3.5612198581560284,5.548594847775176,2.7150638297872343,2.169644115574348,588.8344955489615,2.3669581618655693,0.894329064,50.00779532,0.42,0.44
2024-05-08 17:06:00,15612.0,286.0,379.0,125.116,122.828,223.3611522,246.6699005,219.6972486,3.854869565217392,5.385190156599553,2.220293542074364,2.150637052341598,610.2643217347453,2.3460188933873147,0.805812648,49.63824219,0.42,0.44
2024-05-08 17:47:00,15611.0,286.0,379.0,125.116,122.828,237.4750416,238.9786914,245.1771993,3.854869565217392,5.385190156599553,2.220293542074364,2.150637052341598,610.2643217347453,2.3460188933873147,0.868707444,49.53990232,0.42,0.44
2024-05-08 18:22:00,15608.0,286.0,379.0,125.117,122.829,222.7940558,218.7251147,229.9647565,3.879718309859155,5.460525059665871,2.432690763052209,2.261373225930188,590.1091095489162,2.6073647871116226,0.820448065,49.69198391,0.42,0.44
2024-05-08 18:26:00,15607.0,286.0,379.0,125.117,122.829,234.6841738,233.8239322,212.7092515,3.879718309859155,5.460525059665871,2.432690763052209,2.261373225930188,590.1091095489162,2.6073647871116226,0.889697695,50.05483093,0.42,0.44
2024-05-08 20:04:00,15606.0,286.0,379.0,125.117,122.829,223.4865253,211.2710658,210.9480607,2.1101455604075694,2.9917445482866047,0.8529257641921398,1.0318041237113402,658.5154892726322,1.0945525956284152,0.856261777,50.13198341,0.42,0.44
2024-05-08 20:20:00,15604.0,286.0,379.0,125.314,123.021,237.7030823,217.7687402,224.1485275,6.0,2.9917445482866047,0.32,2.9,1310.14,2.96,0.930624773,49.96690955,0.42,0.44
2024-05-08 21:58:00,15603.0,286.0,379.0,125.745,123.445,227.0315924,232.0203242,230.7705365,1.742167832167832,2.077282913165266,0.23,0.1,635.4931002331002,0.1,0.910981268,49.57895316,0.42,0.44
2024-05-08 22:18:00,15599.0,286.0,379.0,125.763,123.463,237.5670395,249.5533125,249.405597,1.9901294964028775,2.6012912912912918,0.23,0.1,630.8669898430287,0.1,0.983919737,49.58305613,0.42,0.44
2024-05-08 22:30:00,15598.0,286.0,379.0,125.774,123.473,211.7024278,229.1881566,211.8932665,1.9901294964028775,2.6012912912912918,0.24,0.1,630.8669898430287,0.1,0.922525966,49.86817515,0.42,0.44
2024-05-08 22:49:00,15596.0,286.0,379.0,125.972,123.666,227.6376568,227.1893639,233.4120641,6.08,2.6012912912912918,0.24,2.78,1310.08,2.86,0.960467783,49.5048748,0.42,0.44
2024-05-08 23:11:00,15594.0,286.0,379.0,126.255,123.941,222.8361022,224.3644544,213.5584654,5.77,3.357956204379562,0.24,2.7,1310.08,2.78,0.989324858,49.85119958,0.42,0.44
2024-05-09 11:08:00,15589.0,286.0,379.0,128.101,125.753,219.5983117,223.4648672,211.2835454,3.7619400352733687,5.486962365591397,2.948095238095238,2.3910729991204924,480.591930477964,2.556335034013605,0.895305573,49.92410531,0.42,0.44
2024-05-09 11:25:00,15588.0,286.0,379.0,128.101,125.753,240.8290115,241.4402477,210.3538117,3.7619400352733687,5.486962365591397,2.948095238095238,2.3910729991204924,480.591930477964,2.556335034013605,0.952732296,49.72230885,0.42,0.44
2024-05-09 11:49:00,15586.0,286.0,379.0,128.106,125.758,222.3434933,214.6167683,236.5720643,3.7619400352733687,5.486962365591397,2.948095238095238,2.3910729991204924,480.591930477964,2.556335034013605,0.976895801,49.51717952,0.42,0.44
2024-05-09 11:58:00,15585.0,286.0,379.0,128.106,125.758,217.8135293,222.2803972,234.4149279,3.7619400352733687,5.486962365591397,2.948095238095238,2.3910729991204924,480.591930477964,2.556335034013605,0.861678418,50.06137348,0.42,0.44
2024-05-09 12:58:00,15584.0,286.0,379.0,128.106,125.758,213.5889163,236.4909988,218.5633124,3.42424778761062,5.620333333333333,2.7722678185745138,2.198971193415638,531.9584776902888,2.307078853046595,0.848029339,49.78512057,0.42,0.44
2024-05-09 13:03:00,15583.0,286.0,379.0,128.106,125.758,238.572939,249.347515,223.8920552,3.198466353677621,5.421445086705202,1.961,1.872138437741686,636.1179810725553,1.978362897265336,0.813566603,49.58860938,0.42,0.44
2024-05-09 13:13:00,15581.0,286.0,379.0,128.106,125.758,248.6463422,213.5728435,230.245731,3.198466353677621,5.421445086705202,1.961,1.872138437741686,636.1179810725553,1.978362897265336,0.837391023,49.70539896,0.42,0.44
2024-05-09 13:30:00,15579.0,286.0,379.0,128.106,125.758,230.1150646,233.5680674,225.9775736,3.198466353677621,5.421445086705202,1.961,1.872138437741686,636.1179810725553,1.978362897265336,0.87289534,50.10103539,0.42,0.44
2024-05-09 13:59:00,15576.0,286.0,379.0,128.106,125.758,210.5495843,245.6207749,225.4060052,3.198466353677621,5.421445086705202,1.961,1.872138437741686,636.1179810725553,1.978362897265336,0.853184899,50.12873707,0.42,0.44
2024-05-09 14:21:00,15575.0,286.0,379.0,128.106,125.758,242.3026896,241.8677351,244.1149233,3.9055284552845526,5.8557500000000005,2.3568141592920355,2.2275353773584907,616.7072086720867,2.310194537972316,0.866443419,49.99347744,0.42,0.44
2024-05-09 15:42:00,15572.0,286.0,379.0,128.106,125.758,214.2995575,242.4435903,242.1501968,4.095779685264664,7.165165094339622,3.0986964980544744,2.7530601092896174,540.2500998003992,2.9149214659685865,0.966258171,49.83699214,0.42,0.44
2024-05-09 15:52:00,15571.0,286.0,379.0,128.106,125.758,219.5479773,224.3834695,237.0205457,4.095779685264664,7.165165094339622,3.0986964980544744,2.7530601092896174,540.2500998003992,2.9149214659685865,0.944555063,49.9038673,0.42,0.44
2024-05-09 16:14:00,15570.0,286.0,379.0,128.106,125.758,237.090262,211.7943708,230.0508359,3.5612198581560284,5.548594847775176,2.7150638297872343,2.169644115574348,588.8344955489615,2.3669581618655693,0.976437712,50.01889096,0.42,0.44
2024-05-09 16:50:00,15568.0,286.0,379.0,128.106,125.758,249.3260345,236.0848026,231.0877458,3.5612198581560284,5.548594847775176,2.7150638297872343,2.169644115574348,588.8344955489615,2.3669581618655693,0.841847779,50.1042943,0.42,0.44
2024-05-09 17:41:00,15563.0,286.0,379.0,128.106,125.758,232.3095977,240.158268,243.2851954,3.854869565217392,5.385190156599553,2.220293542074364,2.150637052341598,610.2643217347453,2.3460188933873147,0.990461898,50.00821738,0.42,0.44
2024-05-09 17:51:00,15562.0,286.0,379.0,128.106,125.758,240.9983775,245.4307286,239.1345226,3.854869565217392,5.385190156599553,2.220293542074364,2.150637052341598,610.2643217347453,2.3460188933873147,0.972662829,49.51472393,0.42,0.44
2024-05-09 22:55:00,15557.0,286.0,379.0,129.361,126.985,242.5559475,240.9723184,211.2803214,1.9901294964028775,2.6012912912912918,0.25,0.1,630.8669898430287,0.1,0.969959085,50.16499988,0.42,0.44
2024-05-10 01:54:00,15555.0,286.0,379.0,130.114,127.722,233.6213111,216.3966346,240.418775,5.81,3.324077669902913,0.3,2.82,1310.16,2.88,0.973725007,49.99545183,0.42,0.44
2024-05-10 10:12:00,15550.0,286.0,379.0,132.036,129.615,242.0053347,225.4468728,236.9696658,3.3607536764705883,5.41801282051282,2.732533692722372,2.067622222222222,546.4781330749354,2.16814044213264,0.801425866,49.95617229,0.42,0.44
2024-05-10 10:58:00,15549.0,286.0,379.0,132.036,129.615,219.1719404,211.6027438,244.3845507,3.3607536764705883,5.41801282051282,2.732533692722372,2.067622222222222,546.4781330749354,2.16814044213264,0.938501143,49.95893186,0.42,0.44
2024-05-10 11:19:00,15548.0,286.0,379.0,132.036,129.615,247.0461962,237.8507914,235.2151346,3.7619400352733687,5.486962365591397,2.948095238095238,2.3910729991204924,480.591930477964,2.556335034013605,0.9173215,49.93968169,0.42,0.44
2024-05-10 11:27:00,15547.0,286.0,379.0,132.036,129.615,228.1968692,247.4118358,245.5404369,3.7619400352733687,5.486962365591397,2.948095238095238,2.3910729991204924,480.591930477964,2.556335034013605,0.876898382,49.78050407,0.42,0.44
2024-05-10 11:37:00,15545.0,286.0,379.0,132.036,129.615,230.7094901,237.0033304,230.8592954,3.7619400352733687,5.486962365591397,2.948095238095238,2.3910729991204924,480.591930477964,2.556335034013605,0.853523914,50.08320213,0.42,0.44
2024-05-10 11:48:00,15544.0,286.0,379.0,132.036,129.615,212.7506392,210.4654696,240.1311894,3.7619400352733687,5.486962365591397,2.948095238095238,2.3910729991204924,480.591930477964,2.556335034013605,0.81695735,49.52315591,0.42,0.44
2024-05-10 12:14:00,15542.0,286.0,379.0,132.036,129.615,210.1239029,225.5632606,232.7713757,3.42424778761062,5.620333333333333,2.7722678185745138,2.198971193415638,531.9584776902888,2.307078853046595,0.955332593,49.96839382,0.42,0.44
2024-05-10 12:23:00,15541.0,286.0,379.0,132.036,129.615,227.7257796,244.1364414,240.7627844,3.42424778761062,5.620333333333333,2.7722678185745138,2.198971193415638,531.9584776902888,2.307078853046595,0.899615574,50.17607277,0.42,0.44
2024-05-10 12:34:00,15540.0,286.0,379.0,132.036,129.615,249.1073288,223.0563732,226.8705933,3.42424778761062,5.620333333333333,2.7722678185745138,2.198971193415638,531.9584776902888,2.307078853046595,0.926848073,49.74713686,0.42,0.44
2024-05-10 12:44:00,15539.0,286.0,379.0,132.036,129.615,249.1638803,248.5922559,226.6152023,3.42424778761062,5.620333333333333,2.7722678185745138,2.198971193415638,531.9584776902888,2.307078853046595,0.824474619,50.08771445,0.42,0.44
2024-05-10 13:23:00,15535.0,286.0,379.0,132.036,129.615,240.3704646,229.0456607,214.9843558,3.198466353677621,5.421445086705202,1.961,1.872138437741686,636.1179810725553,1.978362897265336,0.850652689,50.06884499,0.42,0.44
2024-05-10 13:41:00,15534.0,286.0,379.0,132.036,129.615,235.3267556,230.0596473,228.6296495,3.198466353677621,5.421445086705202,1.961,1.872138437741686,636.1179810725553,1.978362897265336,0.973703698,49.75450989,0.42,0.44
2024-05-10 15:09:00,15532.0,286.0,379.0,132.036,129.615,218.0135158,228.7522315,225.7173588,4.095779685264664,7.165165094339622,3.0986964980544744,2.7530601092896174,540.2500998003992,2.9149214659685865,0.936422516,49.81251474,0.42,0.44
2024-05-10 17:16:00,15525.0,286.0,379.0,132.036,129.615,242.3713283,238.2732796,234.3638772,3.854869565217392,5.385190156599553,2.220293542074364,2.150637052341598,610.2643217347453,2.3460188933873147,0.81421347,49.50025112,0.42,0.44
2024-05-10 17:32:00,15524.0,286.0,379.0,132.036,129.615,231.1806647,215.4259083,243.1023807,3.854869565217392,5.385190156599553,2.220293542074364,2.150637052341598,610.2643217347453,2.3460188933873147,0.963585497,49.93599499,0.42,0.44
2024-05-10 18:22:00,15523.0,286.0,379.0,132.036,129.615,232.7792091,212.291476,233.8266303,3.879718309859155,5.460525059665871,2.432690763052209,2.261373225930188,590.1091095489162,2.6073647871116226,0.97712089,49.88859176,0.42,0.44
2024-05-10 18:53:00,15521.0,286.0,379.0,132.075,129.653,238.1356086,217.2621359,247.4551332,5.37,5.460525059665871,0.32,2.56,1310.12,2.64,0.873136797,50.18438369,0.42,0.44
2024-05-10 19:08:00,15520.0,286.0,379.0,132.456,130.026,247.2745956,235.7316855,246.3930888,6.16,4.6230385487528345,0.37,3.04,1310.2,3.08,0.853861383,49.66268558,0.42,0.44
2024-05-11 01:09:00,15517.0,286.0,379.0,135.028,132.551,220.6535042,226.4746919,213.2800673,5.52,3.324077669902913,0.24,2.76,1310.28,2.8,0.840767263,49.63564537,0.46,0.46
2024-05-11 01:38:00,15515.0,286.0,379.0,135.7,133.214,234.6219544,210.1975009,220.8400686,5.47,3.324077669902913,0.24,2.76,1310.28,2.8,0.923066143,49.87472898,0.46,0.46
2024-05-11 01:52:00,15514.0,286.0,379.0,136.031,133.541,249.0512547,214.3621367,221.6558139,5.47,3.324077669902913,0.24,2.72,1310.24,2.76,0.970777011,49.81754973,0.46,0.46
2024-05-11 09:50:00,15513.0,286.0,379.0,138.501,135.968,228.5315027,210.6666651,232.6294901,2.1081496062992127,3.311961722488038,0.9968231046931408,1.0417387127761768,642.8493827160494,1.0840651558073655,0.820704395,50.0041539,0.46,0.46
2024-05-11 10:06:00,15510.0,286.0,379.0,138.501,135.968,243.2393323,214.3592882,210.3541252,3.3607536764705883,5.41801282051282,2.732533692722372,2.067622222222222,546.4781330749354,2.16814044213264,0.866383925,49.60934809,0.46,0.46
2024-05-11 10:14:00,15509.0,286.0,379.0,138.501,135.968,248.5807683,212.2120261,246.4077854,3.3607536764705883,5.41801282051282,2.732533692722372,2.067622222222222,546.4781330749354,2.16814044213264,0.809388674,49.85566818,0.46,0.46
2024-05-11 10:19:00,15508.0,286.0,379.0,138.501,135.968,217.045892,238.4419003,227.6222686,3.3607536764705883,5.41801282051282,2.732533692722372,2.067622222222222,546.4781330749354,2.16814044213264,0.951499267,49.81653299,0.46,0.46
2024-05-11 10:24:00,15507.0,286.0,379.0,138.501,135.968,214.2927563,218.8651503,216.4109265,3.3607536764705883,5.41801282051282,2.732533692722372,2.067622222222222,546.4781330749354,2.16814044213264,0.997382694,49.74781811,0.46,0.46
2024-05-11 10:29:00,15506.0,286.0,379.0,138.501,135.968,219.4645626,236.3216037,226.0435393,3.3607536764705883,5.41801282051282,2.732533692722372,2.067622222222222,546.4781330749354,2.16814044213264,0.815215677,49.98403789,0.46,0.46
2024-05-11 10:45:00,15505.0,286.0,379.0,138.501,135.968,249.5078198,242.0079673,239.3765415,3.3607536764705883,5.41801282051282,2.732533692722372,2.067622222222222,546.4781330749354,2.16814044213264,0.804503521,49.72014885,0.46,0.46
2024-05-11 10:56:00,15504.0,286.0,379.0,138.501,135.968,220.0432093,239.6164691,218.1004932,3.3607536764705883,5.41801282051282,2.732533692722372,2.067622222222222,546.4781330749354,2.16814044213264,0.823313781,49.75289068,0.46,0.46
2024-05-11 13:23:00,15503.0,286.0,379.0,138.501,135.968,232.0133743,222.0048657,245.0866078,3.198466353677621,5.421445086705202,1.961,1.872138437741686,636.1179810725553,1.978362897265336,0.839073204,49.75979168,0.46,0.46
2024-05-11 13:52:00,15501.0,286.0,379.0,138.501,135.968,236.0303086,213.7910409,213.3142633,3.198466353677621,5.421445086705202,1.961,1.872138437741686,636.1179810725553,1.978362897265336,0.969324546,50.17787696,0.46,0.46
2024-05-11 14:07:00,15500.0,286.0,379.0,138.501,135.968,220.2348837,249.7379549,223.4180384,3.9055284552845526,5.8557500000000005,2.3568141592920355,2.2275353773584907,616.7072086720867,2.310194537972316,0.883346639,49.51174798,0.46,0.46
2024-05-11 14:24:00,15499.0,286.0,379.0,138.501,135.968,219.073982,231.3497627,225.2942495,3.9055284552845526,5.8557500000000005,2.3568141592920355,2.2275353773584907,616.7072086720867,2.310194537972316,0.805680222,49.81219586,0.46,0.46
2024-05-11 14:33:00,15498.0,286.0,379.0,138.501,135.968,222.6899005,235.8372542,246.788898,3.9055284552845526,5.8557500000000005,2.3568141592920355,2.2275353773584907,616.7072086720867,2.310194537972316,0.999839511,50.0631876,0.46,0.46
2024-05-11 14:43:00,15497.0,286.0,379.0,138.501,135.968,218.3275277,245.798747,240.8800095,3.9055284552845526,5.8557500000000005,2.3568141592920355,2.2275353773584907,616.7072086720867,2.310194537972316,0.829114235,49.66208153,0.46,0.46
2024-05-11 15:25:00,15494.0,286.0,379.0,138.501,135.968,213.185771,239.2828434,215.1275446,4.095779685264664,7.165165094339622,3.0986964980544744,2.7530601092896174,540.2500998003992,2.9149214659685865,0.951246775,49.92117245,0.46,0.46
2024-05-11 16:10:00,15491.0,286.0,379.0,138.501,135.968,233.6123138,223.0936954,242.0125786,3.5612198581560284,5.548594847775176,2.7150638297872343,2.169644115574348,588.8344955489615,2.3669581618655693,0.815510742,49.93542721,0.46,0.46
2024-05-11 17:16:00,15490.0,286.0,379.0,138.501,135.968,238.6112748,235.7726744,240.8580584,3.854869565217392,5.385190156599553,2.220293542074364,2.150637052341598,610.2643217347453,2.3460188933873147,0.833623942,49.82262973,0.46,0.46
2024-05-11 19:34:00,15488.0,286.0,379.0,138.501,135.968,233.1023348,219.6066049,248.3828049,3.021951219512195,4.6230385487528345,2.1282874015748035,1.7619842829076622,589.6875418460068,1.989836601307189,0.853704937,50.10714515,0.46,0.46
2024-05-11 19:48:00,15487.0,286.0,379.0,138.501,135.968,213.0444361,247.2834487,219.0603508,3.021951219512195,4.6230385487528345,2.1282874015748035,1.7619842829076622,589.6875418460068,1.989836601307189,0.803418765,49.95037512,0.46,0.46
2024-05-11 19:57:00,15486.0,286.0,379.0,138.501,135.968,249.7665199,249.9170403,242.5896342,3.021951219512195,4.6230385487528345,2.1282874015748035,1.7619842829076622,589.6875418460068,1.989836601307189,0.946575935,50.12010087,0.46,0.46
2024-05-11 23:10:00,15477.0,286.0,379.0,138.501,135.968,224.6275496,217.6461339,240.7118456,1.929157608695652,3.357956204379562,0.8751731601731602,0.9657322303921568,618.1746544715447,1.0330625752105898,0.940636642,50.15637651,0.46,0.46
2024-05-11 23:48:00,15476.0,286.0,379.0,138.501,135.968,234.8305115,239.4636961,242.753725,1.929157608695652,3.357956204379562,0.8751731601731602,0.9657322303921568,618.1746544715447,1.0330625752105898,0.815449887,49.74666499,0.46,0.46
2024-05-12 01:57:00,15473.0,286.0,379.0,138.501,135.968,245.9954794,231.3062615,233.7340349,1.8428859060402685,3.324077669902913,0.5992250922509226,0.8735433070866141,654.1936340371082,0.9226027397260276,0.931488416,50.04019435,0.46,0.46
2024-05-12 02:26:00,15470.0,286.0,379.0,138.501,135.968,235.6302231,235.8272877,222.243534,1.8092666666666668,3.686082474226805,0.5086995515695067,0.8455264593562466,629.6799389002038,0.9247071352502662,0.902011737,49.7584327,0.46,0.46
2024-05-12 02:56:00,15468.0,286.0,379.0,138.501,135.968,224.4923959,220.5953473,230.3663689,1.8092666666666668,3.686082474226805,0.5086995515695067,0.8455264593562466,629.6799389002038,0.9247071352502662,0.961411212,50.08844946,0.46,0.46
2024-05-12 03:18:00,15467.0,286.0,379.0,138.501,135.968,232.147296,210.2677701,228.6173599,1.8181534772182253,3.694702702702703,0.5068020304568528,0.9009174311926604,649.3932403433477,0.9711640211640212,0.865972943,49.96142822,0.46,0.46
2024-05-12 04:08:00,15464.0,286.0,379.0,138.501,135.968,245.5371281,216.9950453,226.3559456,1.5539810426540284,3.549312169312169,0.3252582159624413,0.716750983698707,673.7772787757817,0.7889071038251366,0.899840634,49.82438235,0.46,0.46
2024-05-12 04:38:00,15462.0,286.0,379.0,138.501,135.968,224.1703762,212.9365857,225.5383787,1.5539810426540284,3.549312169312169,0.3252582159624413,0.716750983698707,673.7772787757817,0.7889071038251366,0.809740411,49.62082972,0.46,0.46
2024-05-12 04:47:00,15461.0,286.0,379.0,138.501,135.968,223.0728326,212.1961554,224.440144,1.5539810426540284,3.549312169312169,0.3252582159624413,0.716750983698707,673.7772787757817,0.7889071038251366,0.852900346,49.53436173,0.46,0.46
2024-05-12 05:09:00,15460.0,286.0,379.0,138.501,135.968,240.9554912,238.8595668,242.5019619,1.4964948453608249,3.264236111111112,0.2861666666666667,0.5958107293550332,622.4922764227642,0.6614454277286136,0.974693317,49.71050878,0.46,0.46
2024-05-12 05:42:00,15457.0,286.0,379.0,138.501,135.968,239.3899657,231.5471379,246.7906263,1.4964948453608249,3.264236111111112,0.2861666666666667,0.5958107293550332,622.4922764227642,0.6614454277286136,0.910877463,49.91899549,0.46,0.46
2024-05-12 05:47:00,15456.0,286.0,379.0,138.501,135.968,220.5654726,222.210285,232.637113,1.4964948453608249,3.264236111111112,0.2861666666666667,0.5958107293550332,622.4922764227642,0.6614454277286136,0.806750689,49.8833236,0.46,0.46
2024-05-12 05:52:00,15455.0,286.0,379.0,138.501,135.968,236.0074106,231.250084,241.3274343,1.4964948453608249,3.264236111111112,0.2861666666666667,0.5958107293550332,622.4922764227642,0.6614454277286136,0.900640154,49.77031451,0.46,0.46
2024-05-12 10:16:00,15454.0,286.0,379.0,138.537,136.003,245.9985755,213.0637318,249.7853336,0.79,5.41801282051282,0.24,0.46,1310.54,0.5,0.901422593,49.9415739,0.46,0.46
2024-05-12 10:25:00,15453.0,286.0,379.0,138.673,136.136,242.1559744,218.7207358,214.9751753,5.74,5.41801282051282,0.25,2.82,1310.22,2.86,0.838539594,49.6513206,0.46,0.46
2024-05-12 12:41:00,15450.0,286.0,379.0,139.63,137.079,212.1049535,229.8117536,228.0629647,6.23,5.620333333333333,0.63,3.24,1310.2,3.28,0.906035405,50.10623124,0.46,0.46
2024-05-12 12:46:00,15449.0,286.0,379.0,139.769,137.216,210.4102371,240.4660048,236.6498401,6.2,5.620333333333333,0.62,3.24,1310.22,3.28,0.916242297,49.73815434,0.46,0.46
2024-05-12 14:10:00,15448.0,286.0,379.0,140.415,137.853,218.4742659,213.9244788,224.3706232,6.25,5.8557500000000005,0.62,3.24,1310.2,3.28,0.868676208,49.52988841,0.46,0.46
2024-05-12 14:30:00,15447.0,286.0,379.0,140.957,138.386,245.8816841,248.4433231,234.7072522,6.21,5.8557500000000005,0.25,3.0,1310.18,3.06,0.898917494,49.80380229,0.48,0.48
2024-05-12 15:49:00,15446.0,286.0,379.0,141.588,139.005,238.5605324,229.4401247,225.208033,6.34,7.165165094339622,0.25,3.08,1310.2,3.12,0.842769979,50.00831711,0.48,0.48
2024-05-12 16:44:00,15442.0,286.0,379.0,143.038,140.437,234.6792734,241.3207243,249.8986798,6.4,5.548594847775176,0.25,3.1,1310.18,3.14,0.885365136,49.96171984,0.48,0.48
2024-05-12 18:52:00,15441.0,286.0,379.0,143.706,141.093,218.0723689,224.7961597,223.9301879,6.05,5.460525059665871,0.33,2.98,1310.16,3.04,0.98783528,50.12283252,0.48,0.48
2024-05-12 19:02:00,15440.0,286.0,379.0,143.964,141.347,224.1872387,224.461663,235.3990682,6.06,4.6230385487528345,0.28,3.02,1310.22,3.06,0.905722193,49.51787342,0.48,0.48
2024-05-12 19:28:00,15438.0,286.0,379.0,144.614,141.989,210.4547737,218.3695242,233.0270518,6.03,4.6230385487528345,0.32,3.02,1310.26,3.06,0.929096957,49.54800321,0.48,0.48
2024-05-12 19:37:00,15437.0,286.0,379.0,144.847,142.218,243.0355191,216.1636718,236.695965,6.06,4.6230385487528345,0.37,3.0,1310.2,3.04,0.954273173,49.75273225,0.48,0.48
2024-05-12 21:03:00,15436.0,286.0,379.0,144.989,142.358,246.156354,236.3542092,240.7142499,1.742167832167832,2.077282913165266,0.5653679653679654,0.7648041104688503,635.4931002331002,0.8074729126832377,0.923075494,49.64177155,0.48,0.48
2024-05-12 21:45:00,15434.0,286.0,379.0,145.513,142.874,232.1588761,220.783803,215.6306244,6.06,2.077282913165266,0.47,3.04,1310.18,3.1,0.921492277,49.89237073,0.48,0.48
2024-05-12 23:17:00,15433.0,286.0,379.0,147.779,145.097,228.7911918,238.2026197,217.1629813,5.82,3.357956204379562,0.23,2.82,1310.18,2.86,0.900016131,50.19072505,0.48,0.48
2024-05-12 23:57:00,15431.0,286.0,379.0,148.724,146.022,230.6703075,225.2941584,221.6779262,5.98,3.357956204379562,0.24,2.82,1310.12,2.88,0.836090616,50.17926736,0.48,0.48
